Decision area,Owner,Final approver,Due date,Status,Notes / dependency
Total budget and what it must cover,,,,,
Guest-list changes and invitation decisions,,,,,
Resort and room-block approval,,,,,
Ceremony schedule and religious requirements,,,,,
"Menu, Jain-food, allergy, and dietary approvals",,,,,
Decor direction and final design approvals,,,,,
"Music, entertainment, photography, and video",,,,,
"Bride, groom, family, and wedding-party outfits",,,,,
"Guest rooms, arrivals, transfers, and welcome details",,,,,
"Contracts, deposits, payment dates, and document storage",,,,,
Emergency decisions during the wedding week,,,,,
